objectid,title,location,address,city,state,zip_code,subject,datebuilt_architect,dates_all,latitude,longitude,architect,filename,rights,format,date,headline,description
iaahs003,Royal Theater,Center City,1524-1534 South St.,Philadelphia,PA,19146,theater,"1919, Frank E. Hahn",1919,39.943754,-75.166382,Frank E. Hahn,https://upload.wikimedia.org/wikipedia/commons/thumb/d/d9/RoyalTheaterPhilly.JPG/1600px-RoyalTheaterPhilly.JPG,"By Smallbones - Own work, Public Domain, https://commons.wikimedia.org/w/index.php?curid=9488951",image/jpeg,1919,yes,narrative goes here
iaahs019,Standard Theater,Center City,1124-8 South St.,Philadelphia,PA,19147,theater,"alterations, 1889, Rowe & Dagit; alterations, 1892, A. Wade",1889;1892,39.943754,-75.166382,Rowe & Dagit;A. Wade,https://upload.wikimedia.org/wikipedia/commons/thumb/8/8c/Gibson%27s_New_Standard_Theatre_Philadelphia_PA_%281919%29.jpg/792px-Gibson%27s_New_Standard_Theatre_Philadelphia_PA_%281919%29.jpg,"By Editor-in-Chief Clement Richardson - The National Cyclopedia of the Colored Race, Editor-in-Chief Clement Richardson (1919) National Publishing Co., Inc. Montgomery AL (https://archive.org/details/nationalcycloped01richrich/page/n4), Public Domain, https://commons.wikimedia.org/w/index.php?curid=83211989",image/jpeg,1889,yes,narrative goes here
iaahs025,Dunbar Theater / Lincoln Theater,Center City,Broad and Lombard Streets.,Philadelphia,PA,19146,theater,,,37.9365752,-87.8768004,,https://upload.wikimedia.org/wikipedia/commons/thumb/f/f4/The_Dunbar_Theatre_Historical_Marker_Southwest_Corner_Broad_and_Lombard_Streets_Philadelphia_PA_%28DSC_3182%29.jpg/1920px-The_Dunbar_Theatre_Historical_Marker_Southwest_Corner_Broad_and_Lombard_Streets_Philadelphia_PA_%28DSC_3182%29.jpg?20191101210248,"By Nick-philly - Own work, CC BY-SA 4.0, https://commons.wikimedia.org/w/index.php?curid=83579365",image/jpeg,1900,yes,narrative goes here
iaahs029,Grendel's Lair,Center City,500 South St.,Philadelphia,PA,19147,jazz club,,,39.941747,-75.150875,,https://digital.library.temple.edu/digital/api/singleitem/image/p15037coll3/190/default.jpg?highlightTerms=Grendel%27s%20Lair,"This material is subject to copyright law and is made available for private study, scholarship, and research purposes only. For access to the original or a high resolution reproduction, and for permission to publish, please contact Temple University Libraries, Special Collections Research Center, scrc@temple.edu, 215-204-8257.",image/jpeg,1902,yes,narrative goes here
iaahs045,Uptown Theater,North,2240 N. Broad St.,Philadelphia,PA,19132,theater,"1927, 1929, E. Magiziner, H. Magiziner",1927;1929,39.987403,-75.15652,E. Magiziner; H. Magiziner,https://upload.wikimedia.org/wikipedia/commons/4/4c/Uptown_Theater%2C_Broad_St%2C_Philly_1.JPG,"By Smallbones - Own work, CC0, https://commons.wikimedia.org/w/index.php?curid=34097882",image/jpeg,1927,yes,narrative goes here
iaahs049,Freedom Theatre,North,1346 N. Broad St.,Philadelphia,PA,19121,theater,"1853, 1865; Stephen D. Button",1853;1865,40.010581,-75.150898,Stephen D. Button,https://www.muralarts.org/wp-content/uploads/2021/09/2-_-2021-116_-Unmasked-Dubh-%C2%A9-2021-City-of-Philadelphia-Mural-Arts-Program-_-Shawn-Theodore.-Installation-August-24-2021.-Photo-by-Michelle-Smith..jpg,"base64,/9j/4AAQSkZJRgABAQAAAQABAAD/2wCEAAkGBxMTEhUSExMWFhUXFyAYGBgYGCAdIBgbHh4ZHx8aHx4YICggGBolGx0YIjEhJSkrLi4uGB8zODMtNygtLisBCgoKDg0OGhAQGy8mHyUtLS0tLy0tLS0tLS0tLS0tLS0tLS0tLS0tLS0tLS0tLS0tLS0tLS0tLS0tLS0tLS0tLf/AABEIAKgBLAMBIgACEQEDEQH/xAAcAAACAgMBAQAAAAAAAAAAAAAEBgMFAAIHAQj/xABBEAABAgQEAwYDBgUDAwUBAAABAhEAAyExBAUSQSJRYQYTMnGBkaGxwRRCUtHh8CMzYoLxB3KSU6KyFRZDwtIk/8QAGQEAAwEBAQAAAAAAAAAAAAAAAQIDBAAF/8QAKBEAAgICAgICAgEFAQAAAAAAAAECEQMhEjFBUQQiE3FhFIGRofAF/9oADAMBAAIRAxEAPwCrzJKjL1S/5ksFSeoZiPb4hMK2T4Mz5gT93xKP9O/qYMw+dn7RrPgPC39PP6w15RlsuVr0/fOr02A6CtOsejCKyyT/AMmKUnjTLCVKDaQGDN5D90iCcsqWlGyeM9TYDyBc+qYLmLEqUVGpsBzNkp9/rFZM/hpQpRJIVpWb/wAwh/Ia9HkHjRmkkqM+NW7LKRL1UIcG/lHvaPMe6QkJ8UxQYf0gh/e3qYLwKAUk/i36fv5wvykKxGOJPglAaeRcAp+eqJy+saXbCvtLfSL7J8MJGHZN3YdVFTfP4CLuUjQgAbBh1NB8/nAktIKkp2QHP+4uB8NR/uEHSi6gOQCvN9Q+j+0QyevQ8d7Np5ZKUD1Por40MbJLAqNBUnoL/JohK3dVhYPtw3PoT7wF2gxYGFUUFysBKSDRj4q2s4fy5xF6RWKt0JeYYxUxS5pcqUonq21OgYARrgEigB9LH29oKlJp916WFQBd/Vq+cSz8OFsSHOxF4GKLqyuaVyr0R2g3LMym4ZWqUsoeqk3Sr/ck0J60PWA0y1i3GPZX67REtaVEaXB5Gh609Io/5Jfo6RlHbaUtkzwJSvxO6D63R/dTqYZSoEOKg2IjjWGckkxY5Pm06Q3dK4WfQap9vu+jesJw9AltHT1RDMimyvtXJmslf8JZ5nhJ6Ks/QsfOLmYIeJhnFp7BZkDTIJmQLMjRAUGmRAoxOuIFRoQpEuIlRKqI1CKI4hMaxuRHjQ5xoY8MbkR40EBpHjRuRHjQQWeNCt2pxkyUtPEAl3SA70Ziejvbl5QzYtwhRF25t8do51n+vvP4j8aQpLK/EaPtvUBw/wAPN/8ASn9OJr+Mt2Q47GFLKKhUOA9n5tvY+sUS8bNU33ak0vsNnLeUQ5viXLjYsWND+e3rAC5hBAJIVUF9n2a4MeLGFdG9KyeYlX4rH1Ptb9TE2FnAniZkpLU+9zLXtvSBR4kgL4VM6iLPely30jwoOos6gn7zNaxIsPKHUfYWi2RikaWBUpT6SGOkoKS7V1O4uGbSOZiJeUazqs+wIDeilP8AveJsItKEJURqJtRqbdWudrRtPxCndwKUDj6l4Dm30hUWXZXLe9ma1DgRXzVsPr/mHHFyHB4SSK0IBb1pQ1taNMlwaZMpKBceI81b/G3RolzHGiSEkpUXLOA9eXt8o96GOMMf2/uY55HOeiqGIKZ6Za1BQQrTxq4tR6iiwkED+48o2zDEocKJmBJBCmu2xqWVzu9PSPcbLUkKSlPeJDqA0gulRJck1Z3FPwjnEOAxhWNOhIBBD0BAG6hXhYEA70jE2+XEuqqwqfnS0YdTTELC+AEBlJ5k+lLbgxf9nJBRLC10ZCSo9QG+CQmEXGIP2qWFqdBcp0EMoOXI1FnKtrQ2Sc3QJiZK1qqoanSGIoRVDh9WkPQN5w0Mu7l4FnDVLyMeCoCpVH4j0/wGHpBiSySd1Fh7MPgH94ElzApND4uH8/YBUFzE6iEjYsR1opv+IPvHMADnc/usLPWX4Jal/A1D7tQekcywGOQsaJUy/wD8Zp/2Esf7FR0btXMR9imiYWTM/hknYKKXNOSWI9eccc/9OMqYtcrRMlsWC2VwO7HmQGqIzZezVh6Y5YXEaKaWG4qQPQ8SfUN1i5w5SQCGbYguI5dl/aDEIfUNaRXSsOEh9j4k8rwx5d2ikrrqMlfUuH/3gf8Amn1hY5HEeWNSHHTWIMVgUzAyg7WO49biB5WOVdQCgbKSWfyY6T6EE8oLkYxJT13SxJr0A1e4iyyxfZF4pLor9M+U+kicjkaLHrv6xPh8wlrCgl0qCfAoMXrtv6RYJSk1s9uRgfF5cmZRaX5HcesUr0Jfs1kB0V/dYtMszidJolWpDtoXb0N0ejjpFAJU+UOA96j8K6KHkrf1eJ8JmMtZCS6Fv4V0PpsfSO/YGkx/y/PJU5g+hf4Fb+Rsr0r0EFTRHO5SX0jmHPvFrgM8mI4SdaQWZRr6K+hfzEUjKjPPD6GZYiBQjzC46XN8Jruk0I9Nx1DiJFJjVFpmZprTB1CI1CAZ+JWpRV/LlIO5qttQJPJAoQxeleUAY3MlT+CU4l2K919E8h1iL+ZBX/Boj8SbomxebAL0S095pqsggBI8zR4OkzErGpJcfvlCD2m+0ISpKUBMtKdQpwk7BW61k86B3a8VmS9opuHXpWr7oUo/dqW4hYH+oeopEIfNkpXLo0z+HFxqPZ1No8aBMqzRE8UopnKfqOY6/wCIOKY9LHkjNXE82cJQdMjMeNG5TEGIxKEDiWEbOdjDSkoq2Kk30LWe58Bqw5Q6lcNQGf1IcbU+JIEJOPVqX/NQyQA6tmFWSNWou49HAe112tzmapRlImhSCGOlNACRV6kk/wBLQvS0adKH06j94EkWLkdSU25dHjwc+TnPuz1MUeKI5SlTVl0yzpQSStwmgSBQXVYVDFq84oSkOQKk2/V4OxEogKMwFLgMkEV2O/qL/WPMAlcnTMIdB+Pl+URb0aESplEpRwEH7xo5NqWZPny2gtOALB2KRdiwLM5q1H6RurFJYspnswNuf6HpFenEJfhSCTckE+ji3mIkrlsVhWJlL0nQAAzEki219jFIsknn8YImJIICwpj1q3nEM5SXv/xFPnWKJUFHY8vxcuZpKFX2NCSOhuQIgxgM6YdJATL4Q4cFX3j6W94pZuKw65SGSUzWAGokFyfGFC7GrwVlmYN/D4CEsCoE15sTRSj51cx6uT5Cf1ZkhjrYd9mWkJ0pcJd1JYcKgyhpPXSb7RJnC5JkLWUMvwMQUkKIAdqVAF+jVBjabN1Mp1SyQQCynF3s6W6lxaFzMZ658xElC1LCXYkVLOSS7PQXLCmzxOc1FV7HS5MsOz2ACpcvvUGZRakg1ZLhmq6SSCb1dhFxhMLIMxRFZSyQUKFBpYpVqcFIV7HUN4GlYyYjChQCQS4DHS1F/iNgxLOzgDaI8uznhT3gI0jT/L4aO3Qlt3u9DEm4qkM7bbGfBz5UqWJiCe60p0hRNy5+9aikjo0FSMwSpQUkKIUptaWKXBU51WolKR6HlAmHwqJ0gB1JUoVIdPEqj2YhyOkHYWSqUCQHrqUAwclJJqd2Ub8iN3h9iFP2zxQMsAB+AMCG4lgi1wQgL9hCFiJCgghiNV9v0htz3EBa/UqfzoOlg/8AfAKzpQTcAP8AtozZHcjZiVRF04cFJSpOrUwJDCgrfn5CBMRkaCkCWrSoqJZRDsABppapet46Bl+Ryu4lhaBqKdRIoXVxbXu1eUD4ns0XeWoHooV9xQ+0M8E6tAWaF0c77rE4UpKFKGpLnTUVJABFUq9RFphe1AfRPl6SC2qXsf8AYTTzQoeUMUzBrlklaVCzO2kgMwdiBbzisnZRLXqJQylAjUl6lRqWahvvEWmtMp2WuBzPWP4UwTEipTc+oI1N5g+cW+HzBJLeEbBR35A2Pk8c6xnZmYgBUpRUQSdwQAwpu7vURvLz3ESVFE5PehNyqimDDxipH+4KhozcegSgpdnTFBJ6HrQwLjMuSsMtIUPj7wu4LtFJWhkTNBb+XMoD0BfSfIFPlFzgccdPC0xLUUhT+nC4f0EXWdPtEHha6ZCMLOlF5ataR9yZcDkFXjXDYxBmAKeWvUSUqo78jZX7pFumcSKyl0/pP5QHiwhXCtAL7E19KPD84+GLwl5RKtTKH+415M1ekXGDzhSWEzjTZ/vb+ivh5mFpOCmIDyV6k/8ATWXA5gKFRby6ROnMUlkTAZS3sqxrsqx+EUjKtkpQT0xnRonAsXBoRuH2INqc4lRhQlgkAD90ihlIIANQoC4vty+UWOGzMhhMD/1C/qBfzHtGTJhfaLxyLpmZxlwnIVLUSOGjbVqa70aOaZrkJS4fUKFXMsdxy6/4jriVpUQUkEEEOPl0MJ+b4HWtkqKFO2oXe48x084kl4LRloQcNi5sg6kkkAlRD7k0CWbSfhzEdE7OdqEThoWeIFi/MUrtfex25RST8oCkBSilM3XpLA6VKelBUHdxFDicsmSVgtpULG9Cp1G7F6D1h4ZZY3aBkxxyRpj9mvaZGHnd2uWvoWZxdxzeohF7QZ7NnFyoJFw3TpZ6xV5rPM1IChqINFKOx5CjVBLARAqRICAniSrUq70FNLnUQSw2SL+3ZfkTy9vRmhhjAImhRl98mYWSpqlnaxF9RdqDmK1oBiUlaiogF9zVr7dOZ5QZKzXXWYhEzSEgFepkgXACCmrVNaxFjZ8tSioOpRLnUkMo1PhSGSP6dolRRAuImVADEilnp0O3p9YslTwwowJqjTYABgFA+ZNB8YEXgZb/AM8JdL1DubsyPBTz+MQTMPLFl2oTudqNZLcx7wGvZwXPWgAkSwmrkg83oxud4qApIKiCNyPoByJ+nWJMwmpuCRsBu3PoGrWKvVDJDxQVOmKUkK1C7aRe17M3rEKDT9Y1lqrf1if7PzUn3gjdD7kmUGYkkzEgJB0JKr2dPRLbtuDzifDhKJrplKUleoBxqKWoeHZi/JoEzPAow6UjUTOJ1FlulIYFg1CXeoO0MuSS0nTMmaEiYmiVXLONQc8Q2JawEaox5yS6fszN8Vfgrcf2iUHSEKAbwksA3UVAZjfaKuTNMxPeK7xRlOOgB6tQ62LRd9slPMRhUEupQUtmqo2dgHIFfWLGRlqJEuUVJlqDqIUxJokktq8OsO+xAPOBKE3NpvSOi0op+xfwswTFplFC5axQAEsly6aA2YpH50i1xcudIQlKZ3GHWWAbu9T1BqSS1GPyg7Icnk92FiUAsqUt60d2S+wCSAwgLHyZehQ1ghKlBwNTtqJSwcJDg8SknY1hXFpWG1dB8rtPOIHANIAUqYCGBQviNRRLhLVe13i4mZypUoMNfeJDKRVwWSaGrgBBblFJlkjROZAKQydQJKQgqRxNrfVqtQb7NAeeYyWmYlCe8HC6k1SAopSAAAAKJKq70rWDzaVsVRTdGLqoqSzEkjam3q0Rz5OsolMQZiwk+TubXoIkwxQrwn2r8/lBWTySrEuaiVLd/wCpdG/4gmJwXJpGqTpWMcbJEeCKTOs+MpfdoS5AqVdRRmvHpWkjBVknaDODJZCACoh3Owtbff2ijw+agq/iIAB3l8JHXTVJ9ngfG4tU4a1qTqSAkBmKhWtKOPS8BROSUuykbj0Nk/I/vJ0reoIYH40PvFZjMHQpWl3uFhnqCWpX0pDXlKGkyxqCuAVH72t6QSuWCGIBB2NQfeEl8SLVx0NH5LWmcrxXZyWpadB0NsQ6dzcs9Wivy+XPQteJABY6SmWsy3ej8Hu1jy2h9x+EGuYEukOQKUG3p5QDgMu4UtpKUzHIFCGJ68wDHnvTNq2hUxuPlLZE+SskJAmLAEtQXV6J4FilAQIEGQSlsvCTkqWKiWvgX6PRR8jDROSFFSVBJ1KssN+Kibar3f8AQPHdnpc0q0BSFKLsQ9OJ/C7C3k0GzqLVOcLwmFR3yTqYJGqrqNSH53pG2R5/JxgUgioqULG3MVLgenluKIKxuHGj+dKdtK+MNRr1TezgCK/vpC1pmIKsLNBcGqkP5jiT7EQ6yP2I4Ifv/T1yqyJjJ/6a+JPpun0jdObAUnJMpWxNUm1lWHq0D5TmalS9SgkkXMtQUhX9SSLdUliPKosJU1E1JYONw3z5RqhOMjLODQaKK1JJB5g3HyUPOAO0oWmYSlKVpoVJO/PzobRB9gKC8heivgNUH0+76NGZhjpqgVmWErA0kO6VEAMeYptCZl1IfC90QZFjpcxS0AkG+hZOsG1XqRShtBKMHLTMUnxImDWZZPhWakpeqXranxhQmZ2lEwIxCA4LhSDVL1ajV6QfmmJcS5i5muSaoWCym5MzKr5esZm9Gh66K3tHh5aJhSlKwWdQIB0kuwJTehFvWKKfhyFHUaBtwH/p4bP6ekF5jju9m01KGouTycnSd0tz69IGmgoSxMujqKnfRc6XDlSi/WrViVNsk22Q4ybLJfUEp4mSEuARYBz4Xbyu0erwywhNQxfiTtuwJA4qlx84KyTB97MRLmASwsk95MsAQ4UBvYN5tvDeP9PRPCVS8T/DP3lSwdQe6NKuEUavKLQxSn0icpxj2c8VhFlBIoC1yElVTxAKIJjROKUJQQEpAJd9ACi7sdXiULgB2paOgn/TZCZykTZwEhQ4FOnvCrh2IZId6gu1N4OzOXhsAAhpSUrQETJiEkzZiTekvSmXS6gXrQRX8Ekrejlli9LZyLGI0rUCSWO4IJ5FjUOKxFqLM1Hd2D+7O3SH/McZIKJIRWWBoRNJKZkrUpQWpYUpToKSANVGN9oAx+SpSoSUgSQwaZOKgqaSCNTAHu0kkXAoAXvCONFlMVZUoBJW6DVmJrvVtxGpWkEhgesW+FyXvZndJUEllKJUoCwcCrMaN5nlAGNwQlzFIKg6SzpUFJPVKgWUOsIG0xmVLCh1Fq397QYlZ0Nw+7t8IgXMJuBZmp79TG6wCGdnFLfvlCxm/AjN8rmFU4KUtSS1FNq6b2p8obu0PD3EuWoLlpaYUkEtpZIBvVSlWvQ33pZeVcABPEz+K6i1LgD9IOylCEqK5ytKpadKQ7kkuQz7AEB6XVF4tpU/JN7dl1gs5StWkFWpiX8CUqAoC51OHdv6TSMxmDKBolgaAnUtSuIKAYFzegc3FQIEmyMMdK0zmUzLSVBOomlSKlgCXDiwgU50JYWgHSDwJKNgkpKlEKLK1DzPD1gvJqpC8fQx5bhcLNQULAfTqmX000kHVyaUCK/e6wu5phJapg0gMHNFcRFEpqbNpURWyhFXmmNXq71SlHZExQFmQNLBi4SEvSz0iDBYklRpqTUA2oBRtxQWrCSyWqHhGnZa4XBy5YYJI5FVx/d+sW/ZWWNEyb/1JhY80pon46opZ2OAlqKakDbYmgv1hsyvDd3Kly/wpAPnc/EmLfHVysOaVRCgIQM4wapU1SVF3OoF3cHc8j5w6ZpmKZCNSgSSWAG5+ghRxeJTiJmrRoWoMGLhSqBILijinm3WNU2jPEro8MetHhhBi47PZyZKtKnKCa9Ooh7TW28cpeOjdmcWJkiWQapASrzDD439YpCXgSaApyw6+JiVmhHWBUYZ5IDA8SjS4qf3tG8pyFEEFy7H9IyVJOlPCPT18o8ps9NIq+5FR5uL7n3iDDzZZLIXpI2BH/jX4CLXDJBb1BB5Vhc7Qyih0iS6CQdVmPIEWPQhqwA3QeZq7qctv4TcBqmu3S0V2OwyJgIUgEs1tKrv5H0Hzivw8+YFtLXMCjTQriB6UdPvDBKK1hRXoUQbp3pu+4MccLeMkTcOdMpZaoYABQSNBUUqDPXYvfrEmB7TKQWnCYk21pbatUUDh7iGbG5elYLByxtXkTS4tGmM7IrqAQtJe4e7bG1ORMMot9IRtLsly3PkTLKTMF+EnUH5pUymv05QfiMUhaWSXL+vWhqPlCPmnZvQqoKTcFPpzY8/KBBisVLYOJyX+9cX38Qtz9IbnJLiLwV8i9zXJQVCcE6iaOzBwWqwqdw8Uuf4tY0IWkvpBDkFmFS3NztyhiwSjMkd7qVdJbU9C7O4BPraJM0wiZiQSCHAJIvQH9tAkgexOl45OhIKAlYL6gniW93bxc3POIUhROpBUSlThRCQHDbMX+UWiMmSCGOoKOkvTn+kZkWXBQmyiSlwGoDYmvEOnxgJAodOy+MlzpyZjJ1sUKJDsRYhwGOkkPHQCiOM9mJPczVLWrQAojWWIC3GkEXLhrNa8dkwM3vJaVgguLpNHjb8SVNxMXzo6UgXGyHBYEqZgxAKXo4J8J6/O0c1xvZyWiak4ubJYGp7wKJQ5ukofU+kXL1tHV1SztCt2l7MJnLE1SJq6EHTN0sVMKOtLACpckMLc7Z4claIfHyU6ZzPMMPKlKm93Llq0K1JWVJDPQaUIWUq6VccJZngjBrE5UoLKSFsnvJqmJGoqKQFrNdRCdSQb10vV+/9nA4YS1Jlfw0lUuYGZZ0kArSoMpQc1YXpyjmubZMpMs6hLmaD3etC0o0lKWKT3hClNRuEV3LxjnBxN8Jxl0Q9qcfJomXKTqYpUV+JIFEhKX/hslm3cHZoVF3v8YMVhjqS5ASssFU5sSwJIvvF8nBBClplT5IQFU1LKSaCrFBPu1rRHvZZaQTIQo8h0/zaJJALuB5eUDpxTEnSFPQv/m8eLxwBCQlk+t/rCxjaJlvIxd0FZBAdIbV7VDe/KLGdJAlhExcvUVOQTVO7uHcWABbal4osvCFzHWdCU6VFfJIJcBO6irQAPMwxYjE4EpFVakr1A6Hdj96ooRRhBUNHNegIY2UpZBBlpLaWq7UA4nNtgBv0ENUnKcOtJWFAhQCRMWkAJUBuUeSuXgA3MVGJz7CsyJa2AUWIDEqNHc1SC5boLRWq7QjUjTJdVlal1UeFiClPBUA78+cHUe6A4sJ7TZfJkrKR/ECZeoKKhUqdm0MXSCDUkMne0VGEQkhCHIrQ3ccj87RazMxRrW8lKeIKWA7ocVHIpBKutY2w2XIKwQyUpDMD4n2PSxEI1ctDwWib7EFTZEuhdXFT7qWJ+XxhzBhcySUDiVqq0uWEhy7FZ6/0gwxKUEgqJYAOSdhHofGjUWzPnf2ore0mAEyVqKgkoq6rdRT0ipyPs6tRlzVFIRRYYuSLgdIhzHNTiFmVrSiVqcKINgDfm/Km0E4ntKEIErDpICQEharsKOBz8/aHbTdipNID7VpQMQrQGoCr/can4N6vFKTG0xZJJJJJqSdzHuGw6pi0oQHUosP3yhbGB1qh07BhIkzVAcT1LmoAcUsN6iMndikFI0zVBTVJAIJ6ChHuYu8PhBIwxlpL6UKrzJdz7mG4tW2LadIqgnhDpBYc/wA43koGlNCKbfoY1UwSfEmnX/ESym0jjq27fWPNZ6BpIQCBX3he7T4VKCibUlRKSNVKMze8MWHsN4qu00hRlpKQCEFalOHZNHNx0tzgxdMWe4srMAUmcALvv5gfWLfAYMplspGgueF9W/MxQZZOHf2DhQdifxp2I5tvD3NlO/mYM+wY+isw4dQ3p5G3xjftZmK5GC72XRZCEpNKFTAmtCQHjdMoJAL8qKFOV2iu/wBQVqGXpSEghUxKVF/CxJDPcukDyJimB1YmZXQp4btLipah3qu+lm6ZiRUb7Ok/CGnG5XJmolT5QZKq06gtQ2Y0IDQpTJiFYaiBwlJ35pCn0kU4tulrwzdjZpXg5gZkom8IqWB0KIrU1J94o/tF2TVqSK5eUsl0KUgp4S24Bo/SCML3glqCyFFIdJAZwz/lE+YpWFKTLID3eu3UHfpC/hO0c0KEtcrUfDQN0uKfARmbNKWjaVjUlw7KBBAN6QThkhE1wB4iPShHxjTGYmQogFQChZwaHk8QzMaEoC9Pho+ocRFBsSfSOTA0HCSDNnydpiRMQ/MfKsOn+mEsiVOQbiZent6eW8cxR2oT3qSW4aBnA8iVbM9esdA/09zFP2hQSXRNY+vhIru4T7xXHKpJkM8OWNo6F3cVmb6gwRMCFMWBSVA+YBfp6xf91EU+WljqYDcmnx2jbzPIhpnNcYFTsTKQVlQSApSAFoSBSqgph5ANYjyT+02Vy/tfclUxV1aEFS1XJL6qgE1e4Ac7N1LMsXhsMVr1qe3CkluqiQxA9qVdo5PneYLnTSJZqSpmS1C33mdNHBY7CkZc04/s9TFGX6KrPcnVIAXOBOrhAJLywGYuHSAQWYmhdnaK/CZBiJw1y5ZUl2BJv7384v8ALMapMsqnTZrHhQm9d3SsMHIBJYmg5mIcfnaZitSJSlCxUSolRckkkLSHc7AUaIXFl9mi06ySnqR5e3LnEGGw6lOyFULVYdRFhh56yTwhhskE35/veCpa3SHLPYA1+FIhya7Es0weFXpSAjiPidgBdmG4bfnGk+esOABS/X3MGLxHCytTHYcvrEAktcudnAp8aQjlewog+1lI8If5fSPcvnKUsOkHSXJOwZ6nYfnBCpMtJearUSAyQPTejRZYQaUcMtSQur6RxJTRiEtYk3gwVnBeXYMFIJLkiqXBAPTpFiuVSqfhC33B1OELRV/Co/SPcXjSgEijbChMWi68FlHQ3dmcM0oqbimLKiOQsA2zV94k7QYqWiWqXMJBUmgAr0PIV5wuZfipqvEVJbhAcG0WckrFl/AfRo1LPxXFIzvDyfJiokxjw3zQpR4ghX+5L/N4jOEQRWRL/tGn/wAWjvzIP4mKcW2WvJeYDpWEuOoa3Uc4LXhcO7d0pKnqAtT+YcmkGLwkop0tMA0s7g39IdZIi/jkxiyzGidLEwb3HI7x7mX8pfkB7kCK7JpsqRKEsazUkkjc/o0T47Hy1p0BVSpLgjq7cqtbeKSzRcHvZOOKSmtaBJ2oJUXBp5RsgKawNOf6RBjkgAgBnG1PlBPc8ifRR+Tx57NxFhxwim0U3a3FJRhw6CrUpSRxEMWcE7KDgUI5Wi8lgANWg+kV2JC6pCQripqNG8mId+kcnTOatUJuU4j/APpUGA3f++WY6U7knr9BC13aKK+zp11cpSkEf3AJ1c6xfYXEar8hszdL3guViqPE8RMLKqQAdw4v+942zvLPtOBmSwapJUnTupPEB6u1OcQqmaSpi3pS0aY/tAcNJOhKVLWunIcIclrmgo8PidPYmVWjmCVLA8JCVpIBIIBqkuCaFiBaOh9hkA4FSU+ILW/mwI+DQmY2fNxBXMmrUtQO5sC7gCyUgtQCDOzmbLwq3FUK8aDuOY5KHOKpok0MedoLOxLh+rVNx1aFL7AUKJDuqrs5NWd7+vSHfEoBSGaxFPqPSKnG4uVrlytR7wDSXBq4e/rGdl72KeeYdwWQl9T6tw96fWK4yQLluGyrPbeHyVg0LExCmrLJSeShy9DFDjMsC5RKaK8gXcWLizj4wBr3RQ5XmCZR1plpVxMxsQdw/h86x0Ds/nUmatLI7uYiooAAQ3LzG3KObYTCa5QVsGBvva14ustypaFTglRCkKBSR97o39Tpvy6QTj6KVm8kBBKvEHpVub8mgHH5wFS1hKkpILFy508wBCB2dzSZNwjziSrVoDJ0lqW2UXcbco2zFRWElGkobWNKtJNrFxVxd6MHvHPO7ozx+LBbAu0GVd74UqWq+tKQEs7VY6k86vaFbDZFNCpveS5vAxVZ3U4BOoEjbblzBjouFnTEJ1CUtLkJVVJckMAdL7motTpA2MzJcpRWrDFIqHSlmI0qL01bg9flJyXg0cDmOaYVSdJUsEFT6bgMA2rTZXQvu+8Vk3MFKLkt0CUx0DNs9w+KQod2hCdJQlx4CoglQAADEoDsXBAO5dIxGTEHxoY2cuWchy1nZ/IiO5exWmeKzoMyQUgWrUHm/OGPDY3DoJExYDywA5BcqclVSOaW6PyhKy/C95ORL2fi8hVXwBiabM7yaubqCeKnls3KkXaivArih7lDBqYd8rU2yg58gxeCF4CRbvl0NAA9R/YxrCblyQQFFbqHEeJv2ILlTzRzUlz5kv8AOGXF+AU/YwJyqSSB347w0CS9XoLgGLeTLQglGoMk6Q55U+kUvZhRVNK6lKA/qeFIPqT/AMYapKCBCyjFdBjd7BDNR+JPuIq0HvCEgu6nVXYV+jRcYfFCZq0vwq0lwRUcnuOsQGe01mfSAPUufkB7wpVM9k4Yj7v6wX9qlyUBU1QQ9n36MKmJftgZyn4wpf6g47gSwYpDjzUQKeiTAithk20XUztHh2LFRfcJ/ON8DmklZGmaX5EkP5Oz+kcqRmKwLn3P7v8AKGrsie9WmYt6FRDl7ADfqYaUWhYyHSZOQOJS0p81D6xqnOZFu+R6lh7mkK3bZR1ywkhJbbkTX5CFqTipiFJ7wFYeoe9qOIVRGc/4OvS1uHBBHMQLOkOtJFC9erAkOxqxit7NSAiQOqiX9W+kHJmfxUgEi/y6xyOdE2PlrOk8LOOY3g2ZOKQ6gG8/0gXEBRKeI+IbDn5QViZOpLFR9hBoWwKXNcEjc8+pg+TiEsAoV8njWRh0lIcbNCTjMUtlKC54UPC4YXQGLUHiG2x5QKGbQ9apRLMH/wBsSS8OjanlCRmWbTpcnxDWB4mHE3wBZ/aJuyOez5imWoKRpNwHCqUcAUZ/hHUK2MuIQEqNeVzAuZZcidLS6iKuCGuARv5/CLCSoqKmANnr59DA3dkCqAC9SG/zHdHafZQjsyAXTN2aqPyVAk3s8tP/AMiD/wAh/wDWCs3zzupvdAAqoWrUHkdrGNcwzxMvECRo1Hhcml/Tb6QeUgcYl5hUnugFEEgNSuzH5mE3tUdE5C9uBf8AxJSfgBD4qWA4DgEbf4hS7ZZYqaUpQPukgnkrSR6hj7wUBmZvh9UtVHoW60LfIRXdm16pSk7pUfoof/aL3DEGQnvCy0prdiQ1HIY1EL+S4cyZigX0KZj1DjnuGhfA3krsLh9Kp8rqpv8AyT7CLPKsSTidBYCZKAB5kCh82f2gadg3mqWFKBdrcm5iBZ8lctSVhR4LWG9qClKQdHHSP9OMZJX9ows4DTr1JBDsSdSTY76jAueY+WnUmQe9LEIUEUAcUcamFAWZ6Cgd4RcvzBRmqLMtafXUPCfmPWNcPmZC0kcKtil/FVlUqFE0pRzE5ryheVG//umZKUhUpXClRUGSlKSqxUNIBci5ob1qY6F2ezBWIH2ieAlTgyyEkFTpBKgsipA3fz2jl+YhU6ZqUXmE8VK1blQ+784vsBmMyQjuhJXNSpJSlRUVVA+450plgK/CDxB7UR00PGQ4ZjkmHUoT1oKmLqDgCh8Jfh23POLPK8JKCCe7RxHUwChpoOHwvTrCjNzZSBNwUyQ5LnWxB1MGGkB1VervaK4TMymAGUJukBgEaUhLbMogv1arwnF+WU5R9CflEookTZzVUDLl/ArPoGHqY8yfCEDWUhtybgdBzhxy/CzFSZuBQngVLQlBSAT3qFhRABP3y41f0pijTkmIQnQmXqqfESCDTYBue/yjSpNtx/6jNJ60V86Wg6lJXUmoNOTitnaPEz9/3+2g2Z2OxZLsj3b1YCkESexeLUQkd2CSBc0f+2LqLFUkvI1dksEBhQVB+9Vrr+FFE+6nVBmMm6JoSES9OgqLir1YUsHa/WN5g0LVLQopRKCZSQGPgFTVJ3JHpA5wwUSoqUSb1H0ETyPdItjhasAXiVGYEhI0mqjyPIfCJsErfmSr3oPgAfWJ5uFCUKVVyGFdzQfGPFYdKUOCeg2oGHwaJjtGuMnmo2I+IhZ7RFM3xL0tUUvpHu3i23i0zDEEIPO4rt7Qv4lOuprQ8L3eOT2Z5yplZJy5KgSJyCBc6V0/7YcexyQhLJOpk3Y11KUaP0AheCUiX3ZAY7NToBzNq8xDv2Nw3CpXXSPIAD5vFJNvQ0JbFztdPR9oKVr0lAAZn2T1HWKjDd1rSEzFE6hTRdi5F+kado1d5ipy+ay3k8a5NIaZq/CCfkPqYfjUQNps6Hlc4JkIqKgmvIkl4JyopmTVE/dT5X/QRDhMvl91L1O+hL1PIe0GYDCoSVaRyvXnziCdsvKNILmyk6kef4j+cETNDX/7j+cBkDvUDapt0MEz2Y2hxKC8P/LFrRx3BYkzJ4lomTXUtgNjX/f9N46fLnHSKm3OOV5VlWITORM7tadKwSqzVvd7QUzpRoZ+0mLT9kQrUUhaik8Lkhl0Ys1R8ID7Ez0pUGJIJNSG28zyifP8BMxGHQiWlyJpV6fxB9RGnZXLl4eZLTNAqVdRVJ5wPAPI/YVW+pgRzisxmKImFOt0sCQW67+kEYfGJQWsGpA+YYxCwpFXWlgeRrCjtCh2rmD7ZKXVyhIYVspV60vG3agAYmRN3XJSw5llvvyIgnNOzSlzJS0zHKHLaL1H9VILzbJlzhhlgHXKCgQG3IZ32YfGG7EY0ongoQt2BS7+YB5Qs9o8zBkzBLKguUQCfUsfIgiLvCy19wlBSoKSlrPUDnaKWfkk5U1f8M6JiADUXHryaOBoG7J4szpC0rOpWqj7ggN8QYqc3xkyXi0JJOklJKablj+d4YMvyRchyhBS96vZ/PnEWY5V3pClhLijufyEdT9A5L2V+InoVMUKipBBDVBbf5xDOwwI394mxWSrUrVrAq9o9VhJgaop8YVwkPHLDyVU3CsGYEC3MfCAgkgm3rT487GvvFtjcJMJBAECY6Qot/DUeoakck0CTi+iww2ZSkFCSZYdI1zJmDStQUNiCo6xaoUObGL7s5nOGWqZh5olyVqI7qaJXdpNCSVI1lAdg3PdrQkIlkApUFXoSD+xYRpMSrXqSAbUAf1Zm/xDr9CuKOxYDJcGurzVzVAKpMIOoJVUDVQslYofumtITs4kJK3k4LFoBHEJktb6nL+CWpLM1id4E7NypKUpUoaVhWr73EAU6dSfCSB3qLWW9xD+ntSlv5x/4j/8xP8ApXfKH+2wLKl2UWFwZTpHh0fiF2ZzqBoTeogzE5pJdSitOoHjapc70vXluesIEzP5ixpUs6Rs7e5EFYLEApnzFswlBJSHD6pssUb+jvIrKVVJLZJRvsbU5zhyQnvEgksATeK7N+1Iw5eUErUxHE/CaMaM9zClisWkOqgYUJHLlA+Wy1TpsogKVqU5LXCQ5ApyDQ/5ZM6EE3se5dEjVc1PnHvesKB48WFJGpSVAdQ3zjWQrWdKKmImzmkiLMJ9ECzq+hb2NfSKnH4sgABxz/f1hgm5SskLWpKQkHcn5BrD4wDjsu1eEhVHchhWzVcwGiU5piviMUSniGke7/CN8Mjo/MBILjdy7X+cXEns8pZdQLbW/KLvC5CBcH3/ACaOUSWn2LX2JBIaV5FTA8wwcgH3hgyecJUoS/vV9ySfXqYusNksv8PuT+cWUjASwG0Jpegr1tD0MpRXQjIyeTpP8NBUfvK4uVwyXfi/5e8icpRpKdEtzR0oUDY04ZnV7cofk4dOyQPKNxL2YRx3NehQVKmKZkK/4mJJOXTq8BqYbWKRQOOl/wBY3RM1VTbmzfSBxQzzMVE5PPKwdOzXH5wT/wCkTjcAeZ/KGZIPONDKL3JjuKB+aQvyckmtVSR5OfyiBHZZPNPoh/nDRpjVSPWDxA8smUUvs3Lo61MLAaQPYg1iZGRyR+I+rfICLcJ/Zj136eUHiJzYCcmkGyKHmX+MbJyuWm0tI9BBndi/ypHuj9mDxA5sEMgDwpT7N9I97vzHlBQfp+/N48JfaDxF5AZT1jUoEG90k71iMyG3g0CwGZLTy/frEC8OnrFgtFRQPbrGGSfwmDQLKWZgU14R7f4gOblKDs3r+cMJleXzjRcrp9PlBo6xWnZL/UfgYEmZOoWIPoRDYuT09hEKpUGgpiivLF/hfyMRHCKF0H2huWj9tEYlP5QRrFJQIvSNXhvXhEHc+v6RActR/T7CDYDnMzJyDMZR7pH31ByQwslJrXckJ6wKvFhtCEOjVqJNFKIBCXI2AJZIoHN4yMjFgk5rfguMHZ6VLQrvsTJmUqgaeEnYh6rL7igv1FunP5uor0FyGD+FCfwgPU2JO5HkBkZGmTrQkVbs0mYudNO6jyAf4CLrIsKscS0qS9ncRkZE6C2XyZL0MeSsGHJYEO3oB+bxkZBECxhxyjYShGRkccSy5Y3j0o3G3xHKMjI4BPLQPOMLcoyMgBMfl849Wg3BY/A+f5/4jIyCkA1Cub9f39Y2EexkGjjUmsamMjINAs3CE+v73jwpHKMjIIDSl42CQ7uIyMggJEqG9I0KRt8f1jIyGSsV6IpqD+MD4/AER4sNZKleTfnWMjI56ORphppWCUpIYkMUlJcUsoBx1sY2Wjm58z+xHsZHWGiIyo0WggNGRkccQgdI8VL/AG31jIyCE0EkRocPGRkcEhmSukDmWYyMjjj/2Q==",record,1853,yes,narrative goes here
iaahs055,Metropolitan Opera House,North,848-860 N. Broad St.,Philadelphia,PA,19130,opera house; church,"1908, William McElfatrick",1908,40.010581,-75.150898,William McElfatrick,https://upload.wikimedia.org/wikipedia/commons/6/6c/The_Met_Philadelphia_%2853574194471%29.jpg,"By ajay_suresh - The Met Philadelphia, CC BY 2.0, https://commons.wikimedia.org/w/index.php?curid=146171159",image/jpeg,1908,yes,narrative goes here
iaahs064,Jessie Redmon Fauset House,North,1853 N. 17th St.,Philadelphia,PA,19121,dwelling,ca. 1885,1885,39.982106,-75.161803,,https://commons.wikimedia.org/wiki/File:Civil_flag_of_Philadelphia.svg#/media/File:Civil_flag_of_Philadelphia.svg,,record,1885,yes,narrative goes here
iaahs065,John W. Coltrane House,North,1511 N. 33rd St.,Philadelphia,PA,19121,dwelling,1895,1895,39.980283,-75.188424,,https://upload.wikimedia.org/wikipedia/commons/thumb/7/73/ColtraneH.jpg/500px-ColtraneH.jpg,"By https://www.loc.gov/pictures/item/pa3863.photos.381323p, Public Domain, https://commons.wikimedia.org/w/index.php?curid=34382696",image/jpeg,1895,yes,narrative goes here
iaahs066,Pearl Bailey House,North,1946 N. 23rd St.,Philadelphia,PA,19121,dwelling,ca. 1884-1886,1884;1886,39.984933,-75.1718,,https://upload.wikimedia.org/wikipedia/commons/4/44/Pearl_Bailey_-_publicity.jpg,"By William Morris Agency - ebay, Public Domain, https://commons.wikimedia.org/w/index.php?curid=28343387",image/jpeg,1884,yes,narrative goes here
iaahs093,Alain Leroy Locke House,South,2221 S. 5th St.,Philadelphia,PA,19148,dwelling,,,39.9206044,-75.1552563,,https://upload.wikimedia.org/wikipedia/commons/3/31/Alain_LeRoy_Locke_cr.jpg,"By Unknown author - File:Alain LeRoy Locke.jpg, Public Domain, https://commons.wikimedia.org/w/index.php?curid=128911204",image/jpeg,1899,yes,narrative goes here
iaahs096,Marian Anderson House,South,762 S. Martin St.,Philadelphia,PA,19146,dwelling; museum,,,39.9424,-75.174771,,https://upload.wikimedia.org/wikipedia/commons/thumb/c/c3/M_Anderson_House_Philly.jpg/500px-M_Anderson_House_Philly.jpg,"By Smallbones - Own work, CC0, https://commons.wikimedia.org/w/index.php?curid=15434395",image/jpeg,1905,yes,narrative goes here
iaahs099,Paul Leroy Robeson House,West,4951 Walnut St.,Philadelphia,PA,19139,dwelling,"1911, E.A. Wilson; alterations, ca. 1959",1911;1959,39.956688,-75.221373,E.A. Wilson,https://upload.wikimedia.org/wikipedia/commons/3/3b/Paul_Robeson_1942_crop.jpg,"By Gordon Parks, Office of War Information; cropped by Beyond My Ken (talk) 07:13, 3 February 2011 (UTC) - Library of Congress Prints and Photographs Division, Farm Security Administration - Office of War Information Photograph Collection. http://hdl.loc.gov/loc.pnp/fsa.8b14812, Public Domain, https://commons.wikimedia.org/w/index.php?curid=12890227",image/jpeg,1911,yes,narrative goes here
iaahs103,Irvine Auditorium (University of Pennsylvania),West,3401 Spruce St.,Philadelphia,PA,19104,auditorium,"ca. 1928, Horace Trumbauer (Julian Abele)",1928,39.950877,-75.19301,Horace Trumbauer (Julian Abele),https://upload.wikimedia.org/wikipedia/commons/d/da/Irvine_Auditorium_-_UPenn_%2853590619400%29.jpg,"By ajay_suresh - Irvine Auditorium - UPenn, CC BY 2.0, https://commons.wikimedia.org/w/index.php?curid=146437716",image/jpeg,1928,yes,narrative goes here
iaahs113,College Settlement / W. E. B. DuBois House,Center City,617 Rodman St.,Philadelphia,PA,19147,settlement house,,,39.964834,-75.143959,,https://commons.wikimedia.org/wiki/File:Civil_flag_of_Philadelphia.svg#/media/File:Civil_flag_of_Philadelphia.svg,,record,1850,yes,narrative goes here
iaahs115,Douglass Hotel (Billie Holiday Residence),Center City,1409-1411 Lombard St.,Philadelphia,PA,19146,hotel,1926,1926,39.9616479,-75.2022775,,https://commons.wikimedia.org/wiki/File:Civil_flag_of_Philadelphia.svg#/media/File:Civil_flag_of_Philadelphia.svg,,record,1926,yes,narrative goes here
